{"schemaVersion":"1.0","appDefinitionTemplate":{"id":"/providers/Microsoft.PowerApps/apps/","type":"Microsoft.PowerApps/apps","tags":{"primaryDeviceWidth":"1136","primaryDeviceHeight":"640","sienaVersion":"20200321T111234Z-3.20023.4.0","deviceCapabilities":"","supportsPortrait":"false","supportsLandscape":"true","primaryFormFactor":"Phone","publisherVersion":"3.20023.4","minimumRequiredApiVersion":"2.2.0","hasComponent":"true","hasUnlockedComponent":"true"},"properties":{"appVersion":"2020-03-21T11:12:34Z","lifeCycleId":"Published","createdByClientVersion":{"major":3,"minor":20023,"build":4,"revision":0,"majorRevision":0,"minorRevision":0},"minClientVersion":{"major":3,"minor":20023,"build":4,"revision":0,"majorRevision":0,"minorRevision":0},"backgroundColor":"rgba(208, 52, 56, 1)","backgroundImageUri":"/6493292978718320620/Nc0efc815-8f42-4e2e-bd49-f80bfaf6381d-logoSmallFile","displayName":"YuGiOh Points","description":"","commitMessage":"","appUris":{"documentUri":{"value":"/6493292978718320620/N2171efd8-ff68-4fd7-9ffc-e2df81b0a576-document.msapp","readonlyValue":"/6493292978718320620/N2171efd8-ff68-4fd7-9ffc-e2df81b0a576-document.msapp"},"imageUris":[]},"createdTime":"0001-01-01T00:00:00Z","lastModifiedTime":"0001-01-01T00:00:00Z","sharedGroupsCount":0,"sharedUsersCount":0,"icons":{"smallIconUri":"/6493292978718320620/N860c7eb4-10cf-41b2-9149-561a04dbaa14-small.png","mediumIconUri":"/6493292978718320620/N4881aa3a-7f04-4356-a266-89ae9f450f4a-medium.png","largeIconUri":"/6493292978718320620/N33ab20e5-f17d-4c63-9366-2d9380d7db2b-large.png","wideIconUri":"/6493292978718320620/Neafdb89c-e222-4663-a79f-2bd5979f6959-wide.png"},"connectionReferences":{},"databaseReferences":{},"almMode":"Solution","performanceOptimizationEnabled":false,"canConsumeAppPass":true},"isAppComponentLibrary":false,"appComponents":[]}}